{
  "title": "Default",
  "longTitle": "Default Feed",
  "description": "The default feed contains a collection of high-quality publicly available games and demos across the various applications (emulators, engines, etc.) that are supported by webЯcade.",
  "thumbnail": "https://webrcade.github.io/webrcade-default-feed/images/default-thumb.png",
  "background": "https://webrcade.github.io/webrcade-default-feed/images/default-background.png",
  "categories": [
    {
      "title": "Arcades",
      "longTitle": "",
      "background": "",
      "thumbnail": "",
      "description": "",
      "items": [
        {
          "props": {
            "rom": "https://archive.org/download/efarcadeversionroms/Arcade%20Version%20Roms/FinalBurn%20v0.2.97.43%20FullRoms.zip/1943.zip",
            "additionalRoms": []
          },
          "type": "arcade",
          "title": "1943 Kai: Midway Kaisen",
          "description": "This updated version was released exactly one year after the original game's debut. 1943 Kai is an enhanced, \"wild\" version of 1943 that was made only available in Japan under the name 1943 Kai: Midway Kaisen (or 1943改: ミッドウェイ海戦).",
          "thumbnail": "https://raw.githubusercontent.com/webrcade-assets/webrcade-assets-fbneo-images/master/Named_Titles/resized/1943%20Kai_%20Midway%20Kaisen%20(Japan).png",
          "background": "https://raw.githubusercontent.com/webrcade-assets/webrcade-assets-fbneo-images/master/Named_Snaps/output/1943%20Kai_%20Midway%20Kaisen%20(Japan).png",
          "backgroundPixelated": true,
          "added": 1694643659516
        },
        {
          "props": {
            "rom": "https://archive.org/download/retro-roms-best-set/Arcade%20-%20Mame%202003%20Plus.zip/mk.zip",
            "additionalRoms": []
          },
          "type": "arcade",
          "title": "Mortal Kombat",
          "description": "The series takes place in a fictional universe that consists of six surviving realms which, according to in-game backstories, were created by the Elder Gods.",
          "thumbnail": "https://raw.githubusercontent.com/webrcade-assets/webrcade-assets-fbneo-images/master/Named_Titles/resized/Mortal%20Kombat%20(Nifty%20Kombo%20666%2C%20hack).png",
          "background": "https://raw.githubusercontent.com/webrcade-assets/webrcade-assets-fbneo-images/master/Named_Snaps/output/Mortal%20Kombat%20(Nifty%20Kombo%20666%2C%20hack).png",
          "backgroundPixelated": true,
          "added": 1694644195760
        }
      ]
    }
  ],
  "props": {}
}