{
  "title": "RetroGames HueHue Web",
  "longTitle": "RetroGames HueHue Navegador Grátis.",
  "description": "O Projeto RetroGames HueHue tem como objetivo trazer alternativas para todos os amantes de games clássicos em geral. Jogue onde quiser e onde estiver através do seu Navegador de Internet usando nossas listas selecionadas.\n\nProjeto RetroGames HueHue, uma parceria entre os Canais do Youtube FoxHitokiri e Junior Games.",
  "thumbnail": "https://raw.githack.com/JuniorGames/RetroHueHue/main/Web/RetroGames%20HueHue%20Logo.png",
  "background": "https://raw.githack.com/JuniorGames/RetroHueHue/main/Web/Background%20HueHue%20Web.png",
  "categories": [
    {
      "title": "Arcades HueHue",
      "longTitle": "",
      "background": "https://raw.githack.com/JuniorGames/RetroHueHue/main/Web/FBNeo%20-%20Arcade%20Games.png",
      "thumbnail": "https://raw.githack.com/JuniorGames/RetroHueHue/main/Web/FBNeo%20-%20Arcade%20Games%20old.png",
      "description": "",
      "items": [
        {
          "props": {
            "rom": "https://archive.org/download/efarcadeversionroms/Arcade%20Version%20Roms/FinalBurn%20v0.2.97.43%20FullRoms.zip/1943.zip",
            "additionalRoms": []
          },
          "type": "arcade",
          "title": "1943 Kai: Midway Kaisen",
          "description": "This updated version was released exactly one year after the original game's debut. 1943 Kai is an enhanced, \"wild\" version of 1943 that was made only available in Japan under the name 1943 Kai: Midway Kaisen (or 1943改: ミッドウェイ海戦).",
          "thumbnail": "https://raw.githubusercontent.com/webrcade-assets/webrcade-assets-fbneo-images/master/Named_Titles/resized/1943%20Kai_%20Midway%20Kaisen%20(Japan).png",
          "background": "https://raw.githubusercontent.com/webrcade-assets/webrcade-assets-fbneo-images/master/Named_Snaps/output/1943%20Kai_%20Midway%20Kaisen%20(Japan).png",
          "backgroundPixelated": true,
          "added": 1694643659516
        },
        {
          "type": "arcade",
          "title": "Aero Fighters",
          "longTitle": "Aero Fighters",
          "background": "https://raw.githubusercontent.com/webrcade-assets/webrcade-assets-fbneo-images/master/Named_Snaps/output/Aero%20Fighters.png",
          "thumbnail": "https://raw.githubusercontent.com/webrcade-assets/webrcade-assets-fbneo-images/master/Named_Titles/resized/Aero%20Fighters.png",
          "description": "Aero Fighters lets you choose from 8 planes, each with a distinctive character. Each character has a different mission base to suit their fighter, a huge range of power-ups and weapons, and a distinctive bomb feature for clearing the screen.",
          "backgroundPixelated": true,
          "props": {
            "rom": "https://archive.org/download/fbnarcade-fullnonmerged/arcade/aerofgt.zip"
          },
          "added": 1694662896572
        },
        {
          "type": "arcade-capcom",
          "title": "Cadillacs & Dinosaurs",
          "longTitle": "Cadillacs & Dinosaurs (930201 World)",
          "background": "https://raw.githubusercontent.com/webrcade-assets/webrcade-assets-fbneo-images/master/Named_Snaps/output/Cadillacs%20%26%20Dinosaurs%20(930201%20World).png",
          "thumbnail": "https://raw.githubusercontent.com/webrcade-assets/webrcade-assets-fbneo-images/master/Named_Titles/resized/Cadillacs%20%26%20Dinosaurs%20(930201%20World).png",
          "description": "Cadillacs and Dinosaurs: The Arcade Game, known in Japan as Cadillacs: Dinosaurs of a New Century is a 1993 arcade game released by Capcom. It is a side-scrolling beat 'em up based on the comic book series Xenozoic Tales. The game was produced as a tie-in to the Cadillacs and Dinosaurs animated series which was aired during the same year the game was released.",
          "backgroundPixelated": true,
          "props": {
            "rom": "https://archive.org/download/fbnarcade-fullnonmerged/arcade/dino.zip"
          },
          "added": 1694663277474
        },
        {
          "type": "neogeo",
          "title": "Fatal Fury Special / Garou Densetsu Special",
          "longTitle": "Fatal Fury Special / Garou Densetsu Special (set 2)(NGM-058)(NGH-058)",
          "background": "https://raw.githubusercontent.com/webrcade-assets/webrcade-assets-neogeo-images/master/Named_Snaps/output/Fatal%20Fury%20Special%20_%20Garou%20Densetsu%20Special%20(set%202)(NGM-058)(NGH-058).png",
          "thumbnail": "https://raw.githubusercontent.com/webrcade-assets/webrcade-assets-neogeo-images/master/Named_Titles/resized/Fatal%20Fury%20Special%20_%20Garou%20Densetsu%20Special%20(set%202)(NGM-058)(NGH-058).png",
          "description": "Just as the name implies, this is a special edition of \"Fatal Fury 2\" filled with plenty of fun stuff. Features a few old familiar faces from the first game as newcomers; background with 2 battle planes; improved control and lots of secrets. Without a doubt, one of the better chapters in the series!",
          "backgroundPixelated": true,
          "props": {
            "rom": "https://archive.org/download/fbnarcade-fullnonmerged/arcade/fatfurspa.zip",
            "additionalRoms": [
              "https://archive.org/download/fbnarcade-fullnonmerged/arcade/neogeo.zip"
            ]
          },
          "added": 1694663039085
        },
        {
          "type": "arcade-capcom",
          "title": "Final Fight",
          "longTitle": "Final Fight (World, set 1)",
          "background": "https://raw.githubusercontent.com/webrcade-assets/webrcade-assets-fbneo-images/master/Named_Snaps/output/Final%20Fight%20(World%2C%20set%201).png",
          "thumbnail": "https://raw.githubusercontent.com/webrcade-assets/webrcade-assets-fbneo-images/master/Named_Titles/resized/Final%20Fight%20(World%2C%20set%201).png",
          "description": "Final Fight can be played by up to two players simultaneously, with each player controlling a different character. Before the game begins, the player chooses between the three main characters, Guy, Cody, and Haggar, each with his own fighting style and attributes. Guy is the weakest but has faster attacks, Haggar is the strongest but also the slowest, and Cody has all-round attributes.\n\nFinal Fight consists of six stages or \"rounds\", as well as two bonus rounds. Each round takes place in a different section of Metro City such as the Slums and the Subway, with most rounds featuring more than one level. At the end of each round the player will face a boss character unique to that round.",
          "backgroundPixelated": true,
          "props": {
            "rom": "https://archive.org/download/fbnarcade-fullnonmerged/arcade/ffight.zip"
          },
          "added": 1694663241052
        },
        {
          "type": "neogeo",
          "title": "Metal Slug - Super Vehicle-001",
          "longTitle": "Metal Slug - Super Vehicle-001",
          "background": "https://raw.githubusercontent.com/webrcade-assets/webrcade-assets-neogeo-images/master/Named_Snaps/output/Metal%20Slug%20-%20Super%20Vehicle-001.png",
          "thumbnail": "https://raw.githubusercontent.com/webrcade-assets/webrcade-assets-neogeo-images/master/Named_Titles/resized/Metal%20Slug%20-%20Super%20Vehicle-001.png",
          "description": "Metal Slug, originally released on the Neo Geo, is a side-scrolling shoot'em'up.\n\nThe player(s) takes the role of a soldier (or two) and fights a gigantic army. Every level consists of running forward blasting anything that moves, while collecting power-ups along the way (there's also a wide selection of weaponry in the game). In the end of each level the player goes up against one gigantic boss. \n\nThe PlayStation port introduces some extra features: there is a combat school where the player may fight with other players for the best time on each level and an art gallery.",
          "backgroundPixelated": true,
          "props": {
            "rom": "https://archive.org/download/fbnarcade-fullnonmerged/arcade/mslug.zip",
            "additionalRoms": [
              "https://archive.org/download/fbnarcade-fullnonmerged/arcade/neogeo.zip"
            ]
          },
          "added": 1694663157951
        },
        {
          "props": {
            "rom": "https://archive.org/download/retro-roms-best-set/Arcade%20-%20Mame%202003%20Plus.zip/mk.zip",
            "additionalRoms": []
          },
          "type": "arcade",
          "title": "Mortal Kombat",
          "description": "The series takes place in a fictional universe that consists of six surviving realms which, according to in-game backstories, were created by the Elder Gods.",
          "thumbnail": "https://raw.githubusercontent.com/webrcade-assets/webrcade-assets-fbneo-images/master/Named_Titles/resized/Mortal%20Kombat%20(Nifty%20Kombo%20666%2C%20hack).png",
          "background": "https://raw.githubusercontent.com/webrcade-assets/webrcade-assets-fbneo-images/master/Named_Snaps/output/Mortal%20Kombat%20(Nifty%20Kombo%20666%2C%20hack).png",
          "backgroundPixelated": true,
          "added": 1694644195760
        },
        {
          "type": "arcade-capcom",
          "title": "Street Fighter II' - Champion Edition",
          "longTitle": "Street Fighter II' - Champion Edition (street fighter 2' 920513 World)",
          "background": "https://raw.githubusercontent.com/webrcade-assets/webrcade-assets-fbneo-images/master/Named_Snaps/output/Street%20Fighter%20II'%20-%20Champion%20Edition%20(street%20fighter%202'%20920513%20World).png",
          "thumbnail": "https://raw.githubusercontent.com/webrcade-assets/webrcade-assets-fbneo-images/master/Named_Titles/resized/Street%20Fighter%20II'%20-%20Champion%20Edition%20(street%20fighter%202'%20920513%20World).png",
          "description": "From the corners of the globe come twelve of the toughest fighters to ever prowl the streets. Choose your champion and step into the arena as one of the eight original challengers or as one of the four Grand Masters! Pound your opponent as Balrog and knock them out for the count. Tower over your prey as Sagat and daze them with your awesome Tiger Shot. Slash your opponent with Vega's claw and send them running for cover. Or strike fear into your enemies as M. Bison, the greatest Grand Master of them all!",
          "backgroundPixelated": true,
          "props": {
            "rom": "https://archive.org/download/fbnarcade-fullnonmerged/arcade/sf2ce.zip"
          },
          "added": 1694662912335
        },
        {
          "type": "arcade-konami",
          "title": "Sunset Riders",
          "longTitle": "Sunset Riders (4 Players ver. EAC)",
          "background": "https://raw.githubusercontent.com/webrcade-assets/webrcade-assets-fbneo-images/master/Named_Snaps/output/Sunset%20Riders%20(4%20Players%20ver.%20EAC).png",
          "thumbnail": "https://raw.githubusercontent.com/webrcade-assets/webrcade-assets-fbneo-images/master/Named_Titles/resized/Sunset%20Riders%20(4%20Players%20ver.%20EAC).png",
          "description": "Sunset Riders is a horizontally-scrolling platform shoot-em-up for up to four players set in America's Wild West. Four sharpshooter bounty hunters (Steve, Billy, Bob and Cormano) set out to claim the bounties for killing the most wanted outlaws in the West, before a final showdown against the infamous Sir Richard de la Rose.\n\nThe action takes place both on foot and on horseback, with play sometimes broken up with a wild west pursuit; such as having to run along the backs of a herd of fleeing Buffalo. Each level ends with players entering a one-on-one battle against one of the wanted men they have been pursuing. \n\nPower-ups and bonus items can be obtained by entering saloons or defeating certain sack-carrying bandits. The power-ups comes in the form of either a golden sheriff badge (that gives the player's weapon auto-fire) or a silver badge that gives the player a second gun (making it possible to shoot in two directions simultaneously). Both power-ups can be equipped at the same time. \n\nOther weapons that can be used by players include sticks of dynamite carried by female bandits that can be thrown back at the enemy before they explode and a mounted Gatling gun available only in the last stage. \n\nA bonus mini-game appears at the end of Stages 2 and 5 in which players must shoot at enemies from a first-person perspective before the timer runs out.\n\nSunset Riders features eight stages of play.",
          "backgroundPixelated": true,
          "props": {
            "rom": "https://archive.org/download/fbnarcade-fullnonmerged/arcade/ssriders.zip"
          },
          "added": 1694662945791
        },
        {
          "type": "arcade-konami",
          "title": "Teenage Mutant Ninja Turtles",
          "longTitle": "Teenage Mutant Ninja Turtles (World 4 Players, version X)",
          "background": "https://raw.githubusercontent.com/webrcade-assets/webrcade-assets-fbneo-images/master/Named_Snaps/output/Teenage%20Mutant%20Ninja%20Turtles%20(World%204%20Players%2C%20version%20X).png",
          "thumbnail": "https://raw.githubusercontent.com/webrcade-assets/webrcade-assets-fbneo-images/master/Named_Titles/resized/Teenage%20Mutant%20Ninja%20Turtles%20(World%204%20Players%2C%20version%20X).png",
          "description": "Teenage Mutant Ninja Turtles is a side-scrolling beat 'em up released by Konami in 1989. It is based on the first Teenage Mutant Ninja Turtles animated series which began airing in the winter of 1987. The player chooses from one of the four Ninja Turtles: Leonardo, Michelangelo, Donatello, and Raphael. After Shredder kidnaps the Turtles' friend April O'Neil and their mentor Splinter, they must give chase, save their comrades, and defeat the evil Shredder. Up to four players (two in some versions) can take control of any of the Turtles. Donatello has slower attacks but a longer range, Michelangelo and Raphael have faster attacks but a shorter range, and Leonardo is a well-rounded Turtle with average range and speed. Most of the enemies the Turtles face are the Foot Soldiers, all color-coded to indicate their attack patterns and weapon of choices. Some enemies, such as the standard purple-clad Foot Soldiers and Roadkill Rodney robots, have the ability to restrain the Turtles' mobility and drain their health, leaving the player open to attack for other enemies. The bosses in the game include Rocksteady and Bebop (individually at first in that order, and later the two of them together), Baxter Stockman, Granitor, General Traag, Krang, and Shredder himself.",
          "backgroundPixelated": true,
          "props": {
            "rom": "https://archive.org/download/fbnarcade-fullnonmerged/arcade/tmnt.zip"
          },
          "added": 1694663210018
        },
        {
          "type": "neogeo",
          "title": "The King of Fighters '95",
          "longTitle": "The King of Fighters '95 (NGM-084)",
          "background": "https://raw.githubusercontent.com/webrcade-assets/webrcade-assets-neogeo-images/master/Named_Snaps/output/The%20King%20of%20Fighters%20'95%20(NGM-084).png",
          "thumbnail": "https://raw.githubusercontent.com/webrcade-assets/webrcade-assets-neogeo-images/master/Named_Titles/resized/The%20King%20of%20Fighters%20'95%20(NGM-084).png",
          "description": "8 teams comprised of 3 characters each square off again to take out Rugal Bernstein.",
          "backgroundPixelated": true,
          "props": {
            "rom": "https://archive.org/download/fbnarcade-fullnonmerged/arcade/kof95.zip",
            "additionalRoms": [
              "https://archive.org/download/fbnarcade-fullnonmerged/arcade/neogeo.zip"
            ]
          },
          "added": 1694662518197
        },
        {
          "type": "neogeo",
          "title": "The King of Fighters '98 - The Slugfest / King of Fighters '98 - dream match never ends",
          "longTitle": "The King of Fighters '98 - The Slugfest / King of Fighters '98 - dream match never ends (NGM-2420)",
          "background": "https://raw.githubusercontent.com/webrcade-assets/webrcade-assets-neogeo-images/master/Named_Snaps/output/The%20King%20of%20Fighters%20'98%20-%20The%20Slugfest%20_%20King%20of%20Fighters%20'98%20-%20dream%20match%20never%20ends%20(NGM-2420).png",
          "thumbnail": "https://raw.githubusercontent.com/webrcade-assets/webrcade-assets-neogeo-images/master/Named_Titles/resized/The%20King%20of%20Fighters%20'98%20-%20The%20Slugfest%20_%20King%20of%20Fighters%20'98%20-%20dream%20match%20never%20ends%20(NGM-2420).png",
          "description": "A special edition of the KoF series taking place outside of the established storyline with a whopping 38 selectable KoF alumni.",
          "backgroundPixelated": true,
          "props": {
            "rom": "https://archive.org/download/fbnarcade-fullnonmerged/arcade/kof98.zip",
            "additionalRoms": [
              "https://archive.org/download/fbnarcade-fullnonmerged/arcade/neogeo.zip"
            ]
          },
          "added": 1694662543692
        }
      ],
      "backgroundPixelated": true
    },
    {
      "title": "Atari 2600 HueHue",
      "items": [
        {
          "title": "Activision Decathlon, The",
          "longTitle": "Activision Decathlon, The (USA)",
          "type": "2600",
          "background": "https://raw.githubusercontent.com/webrcade-assets/webrcade-assets-2600-images/master/Named_Snaps/output/Activision%20Decathlon%2C%20The%20(USA).png",
          "thumbnail": "https://raw.githubusercontent.com/webrcade-assets/webrcade-assets-2600-images/master/Named_Titles/resized/Activision%20Decathlon%2C%20The%20(USA).png",
          "description": "The Activision Decathlon is a series of Olympic games similar to the Epyx games series. Up to four players can compete in the ten different events of a real-life decathlon, either in sequence or individually. Included are the 100-meter dash, long jump, shot put, high jump, 400-meter race, 110-meter hurdles, discus throw, pole vault, javelin throw, and 1500-meter race. \n\nThe flat running events involve simple joystick waggling, which must be balanced with accurately-timed button presses to clear the hurdles - hitting them or breaking stride causes a loss of momentum and thus time. For jumping and throwing events, you must build momentum by waggling and then press the button to throw or jump at what you feel is the appropriate moment.\n\nFor each event, points are earned based on how well you do (this can be based on your running time, or how far you throw the javelin or discus, etc...), and the player with the most points at the end of the decathlon wins the gold medal.",
          "backgroundPixelated": true,
          "props": {
            "rom": "https://archive.org/download/atari-2600-rom-set_202203/Atari%20-%202600.zip/Atari%20-%202600%2FActivision%20Decathlon%2C%20The%20%28USA%29.a26"
          },
          "added": 1694662161598
        },
        {
          "title": "Boxing",
          "longTitle": "Boxing (USA)",
          "type": "2600",
          "background": "https://raw.githubusercontent.com/webrcade-assets/webrcade-assets-2600-images/master/Named_Snaps/output/Boxing%20(USA).png",
          "thumbnail": "https://raw.githubusercontent.com/webrcade-assets/webrcade-assets-2600-images/master/Named_Titles/resized/Boxing%20(USA).png",
          "description": "Boxing shows a top-down view of two boxers, one white and one black. When close enough, a boxer can hit his opponent with a punch (executed by pressing the fire button on the Atari joystick). This causes his opponent to reel back slightly. Long punches score one point, while closer punches (power punches, from the manual) score two. There are no knockdowns or rounds. A match is completed either when one player lands 100 punches (a \"knockout\") or two minutes have elapsed (a \"decision\"). In the case of a decision, the player with the most landed punches is the winner. Ties are possible.\nWhile the gameplay is simple, there are subtleties, such as getting an opponent on the \"ropes\" and \"juggling\" him back and forth between alternate punches.",
          "backgroundPixelated": true,
          "props": {
            "rom": "https://archive.org/download/atari-2600-rom-set_202203/Atari%20-%202600.zip/Atari%20-%202600%2FBoxing%20%28USA%29.a26"
          },
          "added": 1694662788532
        },
        {
          "title": "Enduro",
          "longTitle": "Enduro (USA)",
          "type": "2600",
          "background": "https://raw.githubusercontent.com/webrcade-assets/webrcade-assets-2600-images/master/Named_Snaps/output/Enduro%20(USA).png",
          "thumbnail": "https://raw.githubusercontent.com/webrcade-assets/webrcade-assets-2600-images/master/Named_Titles/resized/Enduro%20(USA).png",
          "description": "Strap on your goggles. Sink into your seat. And leave all your fears in the pit. You're about to enter the race of your life. You'll be required to pass lots of cars each day. Through sun and snow and fog and ice, sunrise to sunset - as fast as you can. Welcome to the National Enduro!",
          "backgroundPixelated": true,
          "props": {
            "rom": "https://archive.org/download/atari-2600-rom-set_202203/Atari%20-%202600.zip/Atari%20-%202600%2FEnduro%20%28USA%29.a26"
          },
          "added": 1694657874494
        },
        {
          "title": "Frostbite",
          "longTitle": "Frostbite (USA)",
          "type": "2600",
          "background": "https://raw.githubusercontent.com/webrcade-assets/webrcade-assets-2600-images/master/Named_Snaps/output/Frostbite%20(USA).png",
          "thumbnail": "https://raw.githubusercontent.com/webrcade-assets/webrcade-assets-2600-images/master/Named_Titles/resized/Frostbite%20(USA).png",
          "description": "You're an Eskimo who wants to build an igloo to live in during the cold season. To do this, you must jump from ice-block to ice-block, while avoiding wildlife such as birds and crabs. Coming with contact with any of these will cause them to push you off the block and into the deadly water. Once you have built your igloo, you must enter it to proceed to the next level. Remember, you must build it before the temperature drops to 0°. You have four lives.",
          "backgroundPixelated": true,
          "props": {
            "rom": "https://archive.org/download/atari-2600-rom-set_202203/Atari%20-%202600.zip/Atari%20-%202600%2FFrostbite%20%28USA%29.a26"
          },
          "added": 1694662199412
        },
        {
          "title": "H.E.R.O.",
          "longTitle": "H.E.R.O. (USA)",
          "type": "2600",
          "background": "https://raw.githubusercontent.com/webrcade-assets/webrcade-assets-2600-images/master/Named_Snaps/output/H.E.R.O.%20(USA).png",
          "thumbnail": "https://raw.githubusercontent.com/webrcade-assets/webrcade-assets-2600-images/master/Named_Titles/resized/H.E.R.O.%20(USA).png",
          "description": "There is trouble in the mines! Volcanic activity has trapped numerous miners, and it is your job to save them. As Roderick Hero, you need to make your way through the dangerous mineshaft avoiding the dangerous creatures and lava, and find out where the miners are located before you run out of energy. To help on your mission, Roderick Hero has several useful types of equipment. A prop pack will allow you to hover and fly around the mineshaft and (hopefully) avoid the many dangers within. Your helmet features a short range microlaser beam which can be used to destroy the bats, spiders, snakes, and other creatures you'll encounter in the mines. From time to time, your path through the mine may be blocked by stone or lava walls. You begin each mission with six sticks of dynamite which can be used to destroy these obstacles (be careful you don't blow yourself up, though!) If you run out of dynamite, your laser beam can also be used to destroy the walls, though this will take longer and use up more energy. As the levels progress, the mine shaft will become longer and more maze-like, creatures will more frequently block the path, and lava walls and pools will appear which are dangerous to the touch.",
          "backgroundPixelated": true,
          "props": {
            "rom": "https://archive.org/download/atari-2600-rom-set_202203/Atari%20-%202600.zip/Atari%20-%202600%2FH.E.R.O.%20%28USA%29.a26"
          },
          "added": 1694661970355
        },
        {
          "title": "Halo 2600",
          "longTitle": "Halo 2600",
          "type": "2600",
          "background": "https://raw.githubusercontent.com/webrcade-assets/webrcade-assets-2600-images/master/Named_Snaps/output/Halo%202600.png",
          "thumbnail": "https://raw.githubusercontent.com/webrcade-assets/webrcade-assets-2600-images/master/Named_Titles/resized/Halo%202600.png",
          "description": "Halo 2600 is a 2010 action-adventure game developed by Ed Fries and published by AtariAge for the Atari 2600, a video game console released in 1977 that ended production in 1992. Inspired by the Halo video games series, the game sees players control Master Chief and fight through 64 screens with varied enemies.",
          "backgroundPixelated": true,
          "props": {
            "rom": "https://archive.org/download/atari_2600_halo_2600/atari_2600_halo_2600.bin"
          },
          "added": 1694662268268
        },
        {
          "title": "Jawbreaker",
          "longTitle": "Jawbreaker (USA)",
          "type": "2600",
          "background": "https://raw.githubusercontent.com/webrcade-assets/webrcade-assets-2600-images/master/Named_Snaps/output/Jawbreaker%20(USA).png",
          "thumbnail": "https://raw.githubusercontent.com/webrcade-assets/webrcade-assets-2600-images/master/Named_Titles/resized/Jawbreaker%20(USA).png",
          "description": "Jawbreaker is a video game programmed by John Harris and released in 1981 for the Atari 400/800 by On-line Systems.[1]\n\nOriginally intended to be a fairly straight Pac-Man clone, Jawbreaker emerged as a relatively inventive version with unique gameplay. It was widely lauded by reviewers, and became a major seller for Sierra Online. The story of its creation forms a portion of Steven Levy's book, Hackers.",
          "backgroundPixelated": true,
          "props": {
            "rom": "https://archive.org/download/atari-2600-rom-set_202203/Atari%20-%202600.zip/Atari%20-%202600%2FJawbreaker%20%28USA%29.a26"
          },
          "added": 1694662032292
        },
        {
          "title": "Keystone Kapers",
          "longTitle": "Keystone Kapers (USA)",
          "type": "2600",
          "background": "https://raw.githubusercontent.com/webrcade-assets/webrcade-assets-2600-images/master/Named_Snaps/output/Keystone%20Kapers%20(USA).png",
          "thumbnail": "https://raw.githubusercontent.com/webrcade-assets/webrcade-assets-2600-images/master/Named_Titles/resized/Keystone%20Kapers%20(USA).png",
          "description": "Flash! Harry Hooligan, notorious con-artist, thief and all around-not-a-nice-person, has escaped!! He is now at large and in the vicinity of Southwick‘s Emporium. At this moment, Hooligan is failing every attempt to end his felonious freedom.\n\nOn the scene is Keystone Kelly, the pride of the men in blue. Officer Kelly, what’s it like in there?”\n\nOh, ‘tis o cryin' shame! Shenanigans like yo wouldn‘t believe! Dastardly deeds that defy description! That rogue is hurlin' everything in reach! Shopping carts, biplanes, beachballs- everything but cathedral radios. LOOK OUT! It's a cathedral radiol! Gotta go! I mean to recover the loot and bust that brute!\"\n\nWill that double-dyed hoodlum keep Keystone in triple trouble, or will YOU help the greatest gumshoe going catch that no good galoot?? Grab your billyclubs and joysticks! lt's curtains now, Hooligan!\"",
          "backgroundPixelated": true,
          "props": {
            "rom": "https://archive.org/download/atari-2600-rom-set_202203/Atari%20-%202600.zip/Atari%20-%202600%2FKeystone%20Kapers%20%28USA%29.a26"
          },
          "added": 1694662021685
        },
        {
          "title": "MegaMania - A Space Nightmare",
          "longTitle": "MegaMania - A Space Nightmare (USA)",
          "type": "2600",
          "background": "https://raw.githubusercontent.com/webrcade-assets/webrcade-assets-2600-images/master/Named_Snaps/output/MegaMania%20-%20A%20Space%20Nightmare%20(USA).png",
          "thumbnail": "https://raw.githubusercontent.com/webrcade-assets/webrcade-assets-2600-images/master/Named_Titles/resized/MegaMania%20-%20A%20Space%20Nightmare%20(USA).png",
          "description": "Megamania is an arcade action game with gameplay similar to Space Invaders. You control a spaceship at the bottom of the screen and need to defend yourself from numerous waves of attackers. But in Megamania, the attackers much more bizarre than invading aliens. There are hamburgers, diamonds, steam irons, bow ties, space dice, and more! You need to earn points by destroying as many of these strange attackers as you can before your energy supply becomes depleted.",
          "backgroundPixelated": true,
          "props": {
            "rom": "https://archive.org/download/atari-2600-rom-set_202203/Atari%20-%202600.zip/Atari%20-%202600%2FMegaMania%20-%20A%20Space%20Nightmare%20%28USA%29.a26"
          },
          "added": 1694662013205
        },
        {
          "title": "Pitfall! - Pitfall Harry's Jungle Adventure",
          "longTitle": "Pitfall! - Pitfall Harry's Jungle Adventure (USA)",
          "type": "2600",
          "background": "https://raw.githubusercontent.com/webrcade-assets/webrcade-assets-2600-images/master/Named_Snaps/output/Pitfall!%20-%20Pitfall%20Harry's%20Jungle%20Adventure%20(USA).png",
          "thumbnail": "https://raw.githubusercontent.com/webrcade-assets/webrcade-assets-2600-images/master/Named_Titles/resized/Pitfall!%20-%20Pitfall%20Harry's%20Jungle%20Adventure%20(USA).png",
          "description": "Pitfall! is a platform action game. You play Pitfall Harry who is on a quest to locate treasure deep in the jungle. With a little luck you'll be able to find money bags, silver bars, gold bars, and diamond rings. But many obstacles will get in the way, some of which merely deduct points from your score, while others are fatal. Rolling logs and falling down a hole will deduct points, and scorpions, alligators, snakes, bottomless pits, swamps, and fires will cause Pitfall Harry to lose a life. You have 20 minutes to try to collect all of the treasures on the numerous screens, if you can live that long!",
          "backgroundPixelated": true,
          "props": {
            "rom": "https://archive.org/download/atari-2600-rom-set_202203/Atari%20-%202600.zip/Atari%20-%202600%2FPitfall%21%20-%20Pitfall%20Harry%27s%20Jungle%20Adventure%20%28USA%29.a26"
          },
          "added": 1694662132794
        },
        {
          "title": "Pressure Cooker",
          "longTitle": "Pressure Cooker (USA)",
          "type": "2600",
          "background": "https://raw.githubusercontent.com/webrcade-assets/webrcade-assets-2600-images/master/Named_Snaps/output/Pressure%20Cooker%20(USA).png",
          "thumbnail": "https://raw.githubusercontent.com/webrcade-assets/webrcade-assets-2600-images/master/Named_Titles/resized/Pressure%20Cooker%20(USA).png",
          "description": "Business is booming at \"The Grille\". Hamburger orders are just pouring in. But back in the Assembly Room, the Food Dispenser is pouring out condiments everywhere. Help Short-Order Sam fill each order with the proper combination of tomatoes, onions, lettuce and cheese. And don't forget the bun! Then, rush the completed orders to the Wrapping Room fast. Alright cooks, grab your spatulas!",
          "backgroundPixelated": true,
          "props": {
            "rom": "https://archive.org/download/atari-2600-rom-set_202203/Atari%20-%202600.zip/Atari%20-%202600%2FPressure%20Cooker%20%28USA%29.a26"
          },
          "added": 1694662111597
        },
        {
          "title": "River Raid",
          "longTitle": "River Raid (USA)",
          "type": "2600",
          "background": "https://raw.githubusercontent.com/webrcade-assets/webrcade-assets-2600-images/master/Named_Snaps/output/River%20Raid%20(USA).png",
          "thumbnail": "https://raw.githubusercontent.com/webrcade-assets/webrcade-assets-2600-images/master/Named_Titles/resized/River%20Raid%20(USA).png",
          "description": "Mission: Code Name River Raid. Jet down the river. Break the enemy blockade and blast the bridges to halt enemy troop advances. Terrain: Code Name River of No Return. An ever-changing, ever-challenging waterway. Expect huge islands, narrow channels and treacherous bays crawling with enemy choppers, tankers and jets. Weaponry: Code Name StratoStrafer. Your B1 StratoWing Assault Jet has been retrofitted with sophisticated, rapid-fire guided missiles. Your craft is super-sensitive to the stick. Accelerate, slow or bank radically with only a touch. Tactics: Jet low to the river to avoid radar. Stop periodically at depots to refuel. A warning claxxon will alert you. Top speed! Best of luck!",
          "backgroundPixelated": true,
          "props": {
            "rom": "https://archive.org/download/atari-2600-rom-set_202203/Atari%20-%202600.zip/Atari%20-%202600%2FRiver%20Raid%20%28USA%29.a26"
          },
          "added": 1694661988540
        }
      ],
      "background": "https://raw.githack.com/JuniorGames/RetroHueHue/main/Web/Atari%20-%202600.png",
      "backgroundPixelated": true,
      "thumbnail": "https://raw.githack.com/JuniorGames/RetroHueHue/main/Web/Atari%20-%202600%20ICON.png"
    }
  ],
  "props": {},
  "backgroundPixelated": true
}