{
  "title": "PROJETO ENCERRADO",
  "longTitle": "",
  "description": "",
  "thumbnail": "",
  "background": "",
  "categories": [
    {
      "title": "PROJETO ENCERRADO",
      "items": [
        {
          "props": {
            "uid": "5160c342-6e40-480b-a7fa-542d9f350cc1",
            "cdSpeedHack": true,
            "skipCdLoading": true
          },
          "type": "neogeocd",
          "title": "PROJETO ENCERRADO",
          "added": 1725328228904
        }
      ]
    }
  ],
  "props": {
    "psx_bios": [
      ""
    ],
    "neogeo_bios": "",
    "threedo_bios": "",
    "threedo_fonts": "",
    "atari5200_rom": "",
    "lnx_boot": "",
    "coleco_rom": "",
    "segacd_bios": [
      ""
    ],
    "pcfx_bios": "",
    "neogeocd_bios": "",
    "pcecd_bios": ""
  },
  "backgroundPixelated": false
}